Timestamp,Product Name,Category,Other Category Name,Product Description,Selling Price (₹),Compare-at Price / MRP (₹),Stock Quantity,Best Seller?,Material,Other Material,Colour / Finish,Size / Length,Occasion / Style,📸 Main Product Photo ( Upload the main product image used for the primary product listing image.),👤 Face / Worn Photo( Upload a face/worn/presentation photograph if available.),🖼️ Additional Product Photos ( Upload up to 3 additional product photographs.  ),Notes / Additional Details
,,,,,,,,,,,,,,,,,
,,,,,,,,,,,,,,,,,
25/08/2026 12:25:51,LONG RAANI HAAR,Jewellery Sets,,LONG RAANI HAAR BEADED WITH ARTIFICIAL BEADS WITH GOLD PLATED STONE WORK PENDANT,3500,4000,5,Yes,Brass / Copper Base,,MAROON COLOUR WITH GOLD FINISH,15 CM,Festival & Traditional,https://drive.google.com/open?id=1QQXl2C6uL09llXP9kxkWwtQzSexE--na,https://drive.google.com/open?id=1_v1tYhM1w1kd-gc-8CfcPXU1yhhjl1MW,https://drive.google.com/open?id=1gf3A8vdDs_VNU2I9aOfQfYBmfEVFuPdn,
25/08/2026 12:36:17,CHOKER SET WITH EARRINGS,Necklaces & Pendants,,A BEAUTIFUL CHOKER SET IN MULTICOLORED STONES CRAFTED WITH GOLD FINISH WORK,1500,2000,5,Yes,Brass / Copper Base,,MULTICOLORED STONES,5 CM,Festival & Traditional,https://drive.google.com/open?id=1tPtC32n_4mt0pcKKAKONTY6oe4WJPlGQ,https://drive.google.com/open?id=1ZCtI3ooP4xeVvqFCVnF99_eRO7MLcAqe,https://drive.google.com/open?id=1ofAy3hE-SHtW3EDAQb-c6X7tYiiXm0ov,"THIS JEWELLERY SET CONSIST OF A NECKLACE AND A PAIR OF EARRINGS, GOLD TONED CHOKER NECKLACE SET. WIPE YOUR JEWELLERY WITH A SOFT CLOTH AFTER EVERY USE. ALWAYS STORE YOUR JEWELLERY IN A FLAT BOX TO AVOID SCRATCHES. KEEP AWAY SPRAYS & PERFUMES FROM YOUR JEWELLERY"
25/08/2026 13:39:30,PEARL NECKLACE SET,Jewellery Sets,,A VERY ELEGANT PIECE OF NECKLACE BEADED WITH ARTIFICIAL PEARL ADDED WITH ZIRCONIA ,1200,2000,5,Yes,Pearl / Freshwater Pearl,,PEARL AND ZIRCONIA COMBINATION,FREE SIZE,Festival & Traditional,https://drive.google.com/open?id=1VqRFh53gDjeb-6Z0iku-1j6B_W-VpUC6,https://drive.google.com/open?id=15MASfqDtcXuYCqcAvGPIePpOqDzEQFAS,https://drive.google.com/open?id=1r9iQFJ0WDba09vymaTKFGn37pe3KeEr9,"WIPE YOUR JEWELLERY WITH A SOFT CLOTH AFTER EVERY USE. ALWAYS STORE YOUR JEWELLERY IN A FLAT BOX TO AVOID SCRATCHES. KEEP AWAY SPRAYS & PERFUMES FROM YOUR JEWELLERY. DO NOT SOAK YOUR JEWELLERY IN WATER. CLEAN YOUR JEWELLERY USING A SOFT BRUSH, DIPPED IN JEWELLERY CLEANING SOLUTION ONLY, IF NEEDED."
25/08/2026 13:55:25,ANTIQUE GOLD PLATED NECKLACE SET WITH EARRINGS,Jewellery Sets,,GOLD PLATED BRASS NECKLACE SET IN MINAKARI WORK WITH RED & GREEN SMALL STONES,2200,2500,2,Yes,Alloy / Mixed Metal,, GOLD PLATED BRASS METAL ,FREE SIZE,Bridal & Wedding,https://drive.google.com/open?id=17WUI2v-gEmdUxIWc2OO4eh-BQR765bjQ,https://drive.google.com/open?id=157K2m-TKxNk5WyXI_LGDosI0gKxsy9BP,https://drive.google.com/open?id=1ZHFtVIRyIsMmn159WzReE9FvQz4LnCdl,"WIPE YOUR JEWELLERY WITH A SOFT CLOTH AFTER EVERY USE. ALWAYS STORE YOUR JEWELLERY IN A FLAT BOX TO AVOID SCRATCHES. KEEP AWAY SPRAYS & PERFUMES FROM YOUR JEWELLERY. DO NOT SOAK YOUR JEWELLERY IN WATER. CLEAN YOUR JEWELLERY USING A SOFT BRUSH, DIPPED IN JEWELLERY CLEANING SOLUTION ONLY, IF NEEDED."
25/08/2026 14:03:41,CZ NECKLACE SET WITH EARRINGS,Necklaces & Pendants,,RHODIUM PLATED CZ STONES MINT GREEN AND PINK COLOUR,1850,2200,5,Yes,CZ / Cubic Zirconia / American Diamond,,CZ NECKLACE SET ,FREE SIZE,Festival & Traditional,https://drive.google.com/open?id=1pUtmXiqSNrZLV1oQtbeBlHyVLdyyE2cR,https://drive.google.com/open?id=1cMq-4qzB-mDZZtzN5XRDengP8N0pzwkX,https://drive.google.com/open?id=1QGVeDoPnOMoT0pzQkdCINSXT2Bq1J9FT,"WIPE YOUR JEWELLERY WITH A SOFT CLOTH AFTER EVERY USE. ALWAYS STORE YOUR JEWELLERY IN A FLAT BOX TO AVOID SCRATCHES. KEEP AWAY SPRAYS & PERFUMES FROM YOUR JEWELLERY. DO NOT SOAK YOUR JEWELLERY IN WATER. CLEAN YOUR JEWELLERY USING A SOFT BRUSH, DIPPED IN JEWELLERY CLEANING SOLUTION ONLY, IF NEEDED."
25/08/2026 14:21:51,GOLD PLATED CZ NECKLACE SET WITH EARRINGS,Necklaces & Pendants,,AN ELEGANT PIECE OF NECKLACE SET IN GOLD PLATED C ZIRCONIA STONES & RUBY RED STONES,850,1000,5,Yes,CZ / Cubic Zirconia / American Diamond,,GOLD PLATED CZ WHITE & RUBY RED,6 CM,Festival & Traditional,https://drive.google.com/open?id=1jiYpE7XHn088f5e7M1T2MPEKT57kBDC9,https://drive.google.com/open?id=1Q090M4mtd7a19rfzVeBHNVdsKX4G3xl1,https://drive.google.com/open?id=1FAPBDVAuAn_t0qOMWsd7_xQMK-ahf_W-,"WIPE YOUR JEWELLERY WITH A SOFT CLOTH AFTER EVERY USE. ALWAYS STORE YOUR JEWELLERY IN A FLAT BOX TO AVOID SCRATCHES. KEEP AWAY SPRAYS & PERFUMES FROM YOUR JEWELLERY. DO NOT SOAK YOUR JEWELLERY IN WATER. CLEAN YOUR JEWELLERY USING A SOFT BRUSH, DIPPED IN JEWELLERY CLEANING SOLUTION ONLY, IF NEEDED.
"
25/08/2026 14:31:35,ARTIFICIAL PEARL NECKLACE SET WITH EARRING,Necklaces & Pendants,,LIGHT WEIGHT ARTIFICIAL PEARLS IN LEAF STYLE IN TWO COLOURS NECKLACE SET,950,1200,5,Yes,Pearl / Freshwater Pearl,,ARTIFICIAL PEARL LEAF DESIGN,8 CM,Party Wear,https://drive.google.com/open?id=1bc3KnryavhAXFEBWksPhSBENecZt5iid,https://drive.google.com/open?id=1rMU9XVIIfY6OdTWjnlZgSXIT1Aig7_Xb,https://drive.google.com/open?id=1mpXkEnNpcGO8RA_NktimuSTxgv6xDL5d,"WIPE YOUR JEWELLERY WITH A SOFT CLOTH AFTER EVERY USE. ALWAYS STORE YOUR JEWELLERY IN A FLAT BOX TO AVOID SCRATCHES. KEEP AWAY SPRAYS & PERFUMES FROM YOUR JEWELLERY. DO NOT SOAK YOUR JEWELLERY IN WATER. CLEAN YOUR JEWELLERY USING A SOFT BRUSH, DIPPED IN JEWELLERY CLEANING SOLUTION ONLY, IF NEEDED."
25/08/2026 16:06:34,GOLD PLATED STONE WORK CHOKER SET,Necklaces & Pendants,,GOLD PLATED CHOKER SET WITH PINK COLOUR STONES,1500,2000,5,Yes,Brass / Copper Base,,GOLD FINISH WITH STONES,FREE SIZE,Bridal & Wedding,https://drive.google.com/open?id=1WLADf5twsg3eG6ZhI5oEEKC9Q-3hGkgg,https://drive.google.com/open?id=1CCKX-ZBQf9--HhEErqnZenZW2yIexnJG,https://drive.google.com/open?id=1ImCWbdHidG5DXTCkZYE3LgIv4EPgkOjp,"WIPE YOUR JEWELLERY WITH A SOFT CLOTH AFTER EVERY USE. ALWAYS STORE YOUR JEWELLERY IN A FLAT BOX TO AVOID SCRATCHES. KEEP AWAY SPRAYS & PERFUMES FROM YOUR JEWELLERY. DO NOT SOAK YOUR JEWELLERY IN WATER. CLEAN YOUR JEWELLERY USING A SOFT BRUSH, DIPPED IN JEWELLERY CLEANING SOLUTION ONLY, IF NEEDED.
"
25/08/2026 16:22:49,PEARL BEADED MALA WITH PEARL PENDANT WITH EARRINGS,Necklaces & Pendants,,MOTHER OF PEARL WITH YELLOW & OFF WHITE COLOUR MALA WITH PENDANT SMALL EARRINGS,1200,1500,5,Yes,Pearl / Freshwater Pearl,,PEARL LONG MALA,FREE SIZE,"Festival & Traditional, Party Wear",https://drive.google.com/open?id=1W0Pc39LvncJa8-hx8UlP0jBWFXuEoKIn,https://drive.google.com/open?id=10nPImsxXnnAWL3FblU5gxRsFNqfGk-hX,https://drive.google.com/open?id=1lPUG8fCyW958Na9JtKG_fDpRZPnPzLpe,"WIPE YOUR JEWELLERY WITH A SOFT CLOTH AFTER EVERY USE. ALWAYS STORE YOUR JEWELLERY IN A FLAT BOX TO AVOID SCRATCHES. KEEP AWAY SPRAYS & PERFUMES FROM YOUR JEWELLERY. DO NOT SOAK YOUR JEWELLERY IN WATER. CLEAN YOUR JEWELLERY USING A SOFT BRUSH, DIPPED IN JEWELLERY CLEANING SOLUTION ONLY, IF NEEDED."
25/08/2026 16:30:08,NECKLACE SET WITH EARRINGS,Necklaces & Pendants,,MEHNDI POLISH STUDDS WITH ZERCONIA STONES WITH PINK STONES,1200,1500,5,Yes,Alloy / Mixed Metal,,MEHANDI POLIST NECKLACE SET,6,"Bridal & Wedding, Festival & Traditional, Party Wear",https://drive.google.com/open?id=1TtqjJ9Fclovhxs2Y060ZmHqqdNbWi7nM,https://drive.google.com/open?id=1AoQxzH9mgpR6XiKYqjE5Cl8e-PFHb7YD,https://drive.google.com/open?id=1bbIMVL8I1gzckmr5_iGxutXohzqeD2xr,"WIPE YOUR JEWELLERY WITH A SOFT CLOTH AFTER EVERY USE. ALWAYS STORE YOUR JEWELLERY IN A FLAT BOX TO AVOID SCRATCHES. KEEP AWAY SPRAYS & PERFUMES FROM YOUR JEWELLERY. DO NOT SOAK YOUR JEWELLERY IN WATER. CLEAN YOUR JEWELLERY USING A SOFT BRUSH, DIPPED IN JEWELLERY CLEANING SOLUTION ONLY, IF NEEDED."
25/08/2026 21:21:27,,,,,,,,,,,,,,https://drive.google.com/open?id=1m4yXBCuzVdE-biozNA0G5_eUU1AhgHL8,,,
26/08/2026 12:45:39,KUNDAN CHOKER SET WITH EARRINGS,Necklaces & Pendants,,KUNDAN STONE CHOKER SET WITH EARRINGS & MAANG TIKA,1500,1800,5,Yes,Kundan / Polki,,WHITE FINISH ,FREE SIZE,"Bridal & Wedding, Festival & Traditional, Party Wear",https://drive.google.com/open?id=1Uwxy_sEM8jGCt1CZsboFbZxsgjH0mBZi,https://drive.google.com/open?id=1iuAgBhWa4LJUfnZhW3_w103rEyWomHA1,"https://drive.google.com/open?id=14jSSnvqgXHcLyRM8WWOOVYv8B60kXYfn, https://drive.google.com/open?id=17rUAwUpMdAMcEyfVdUUu9Scxh7OgOHoN","WIPE YOUR JEWELLERY WITH A SOFT CLOTH AFTER EVERY USE. ALWAYS STORE YOUR JEWELLERY IN A FLAT BOX TO AVOID SCRATCHES. KEEP AWAY SPRAYS & PERFUMES FROM YOUR JEWELLERY. DO NOT SOAK YOUR JEWELLERY IN WATER. CLEAN YOUR JEWELLERY USING A SOFT BRUSH, DIPPED IN JEWELLERY CLEANING SOLUTION ONLY, IF NEEDED."
26/08/2026 12:50:36,GLASS KUNDAN NECKLACE SET,Jewellery Sets,,BRASS BASE NECKLACE SET OF GLASS KUNDAN WITH EARRING & MAANGTIKA,1500,2000,5,Yes,Alloy / Mixed Metal,,BRASS BASE ANTIQUE GOLD PLATED,5 CM,"Bridal & Wedding, Festival & Traditional, Party Wear",https://drive.google.com/open?id=19UELx7GfJHD5kemz6zKpIjyja9cTqdcd,https://drive.google.com/open?id=1gPa5-dnTxCsJXOEMCr3F7Yf1TnuI0LPL,"https://drive.google.com/open?id=1HvT4HYiAmX1Ad8mCDpCjqnOza3mkUB2v, https://drive.google.com/open?id=1qJGVab6mCGAXvJtFR4SQ6GPSJOfWz8yi","WIPE YOUR JEWELLERY WITH A SOFT CLOTH AFTER EVERY USE. ALWAYS STORE YOUR JEWELLERY IN A FLAT BOX TO AVOID SCRATCHES. KEEP AWAY SPRAYS & PERFUMES FROM YOUR JEWELLERY. DO NOT SOAK YOUR JEWELLERY IN WATER. CLEAN YOUR JEWELLERY USING A SOFT BRUSH, DIPPED IN JEWELLERY CLEANING SOLUTION ONLY, IF NEEDED."
26/08/2026 12:55:41,SPECIAL FIRE STONE NECKLACE SET,Jewellery Sets,,BRASS BASE ANTIQUE GOLD PLATED FIRE STONE NECKLACE WITH EARRINGS,1200,1500,5,Yes,Brass / Copper Base,,ANTIQUE GOLD FINISH ,6 CM,"Bridal & Wedding, Festival & Traditional, Party Wear",https://drive.google.com/open?id=1yBgtlZYcEZ_mR-abElmWP3qXD1017LPQ,https://drive.google.com/open?id=1J-7IOEIkQ-hoDaBCglTVL4YiXaZBi6E8,"https://drive.google.com/open?id=1ZXHPyEuVC0LmWZxcudAsmTfMnzlBGwCe, https://drive.google.com/open?id=1W38pG2gtuBVY8dv9q_SyM7Y_WIIGzBzT","WIPE YOUR JEWELLERY WITH A SOFT CLOTH AFTER EVERY USE. ALWAYS STORE YOUR JEWELLERY IN A FLAT BOX TO AVOID SCRATCHES. KEEP AWAY SPRAYS & PERFUMES FROM YOUR JEWELLERY. DO NOT SOAK YOUR JEWELLERY IN WATER. CLEAN YOUR JEWELLERY USING A SOFT BRUSH, DIPPED IN JEWELLERY CLEANING SOLUTION ONLY, IF NEEDED.
"
26/08/2026 12:59:35,PAACHI KUNDAN SLEEK DESIGN NECKLACE SET WITH EARRINGS,Necklaces & Pendants,,BRASS BASE GOLD FINSH PAACHI KUNDAN NECKLACE SET,2000,2500,2,Yes,Kundan / Polki,,GOLD FINISH,6 CM,"Bridal & Wedding, Festival & Traditional, Party Wear",https://drive.google.com/open?id=1IES3wI8Dwo6fr6FOD5fUPvUvK2UgGZNP,https://drive.google.com/open?id=1_21NeeAtn06COQ-YUXCZLy_SpY-S4Kqk,"https://drive.google.com/open?id=1jPWCWxtjYgAKAzJhG3buXxYf3tev4rqn, https://drive.google.com/open?id=1_HL69C258Do8rmb-Xtad3ykiPo-QGbKT","WIPE YOUR JEWELLERY WITH A SOFT CLOTH AFTER EVERY USE. ALWAYS STORE YOUR JEWELLERY IN A FLAT BOX TO AVOID SCRATCHES. KEEP AWAY SPRAYS & PERFUMES FROM YOUR JEWELLERY. DO NOT SOAK YOUR JEWELLERY IN WATER. CLEAN YOUR JEWELLERY USING A SOFT BRUSH, DIPPED IN JEWELLERY CLEANING SOLUTION ONLY, IF NEEDED."
26/08/2026 13:14:17,BRASS BASE ANTIQUE GOLD PLATED NECKLACE SET WITH EARRINGS,Necklaces & Pendants,,BRASS BASE ANTIQUE GOLD PLATED SLEEK DESIGN WITH CZ STONES AND RUBY RED STONE,1500,2000,2,Yes,Brass / Copper Base,,ANTIQUE GOLD PLATED,8 CM,"Bridal & Wedding, Festival & Traditional, Party Wear",https://drive.google.com/open?id=14x96mzrBazE8Rr4FQ9d7GKOyeVnos1Ct,https://drive.google.com/open?id=1L1Qj9l3QabWGqolV6QxoKWVQw4cD4ZI4,"https://drive.google.com/open?id=1hFPJ9PxqP2CCDy82qsdf9srA7OP89HQs, https://drive.google.com/open?id=1u4tQMYsjPcOzDs-xHOJjcnTOUpeih47J","WIPE YOUR JEWELLERY WITH A SOFT CLOTH AFTER EVERY USE. ALWAYS STORE YOUR JEWELLERY IN A FLAT BOX TO AVOID SCRATCHES. KEEP AWAY SPRAYS & PERFUMES FROM YOUR JEWELLERY. DO NOT SOAK YOUR JEWELLERY IN WATER. CLEAN YOUR JEWELLERY USING A SOFT BRUSH, DIPPED IN JEWELLERY CLEANING SOLUTION ONLY, IF NEEDED.
"
26/08/2026 15:56:00,ANTIQUE GOLD PLATED CHOKER SET WITH EARRINGS,Necklaces & Pendants,,BRASS METAL ANTIQUE GOLD PLATED CHOKER SET OF CZ STONES AND PINK GLASS STONE,1200,1500,5,Yes,Brass / Copper Base,,ANTIQUE GOLD PLATED ,FREE SIZE,"Bridal & Wedding, Festival & Traditional, Party Wear",https://drive.google.com/open?id=1RB-jXD17e5xXJe-K55iRqELlZgPoCIBB,https://drive.google.com/open?id=1qK0K2r12l1vuhB1wFl87VmYDheVUQHSe,"https://drive.google.com/open?id=1dIfuTBJOHO9oeQj0WkTEsfEsa96cqTrW, https://drive.google.com/open?id=1EaFFM_MqZhGR3wv-T89jjg3A5WONs4bF","WIPE YOUR JEWELLERY WITH A SOFT CLOTH AFTER EVERY USE. ALWAYS STORE YOUR JEWELLERY IN A FLAT BOX TO AVOID SCRATCHES. KEEP AWAY SPRAYS & PERFUMES FROM YOUR JEWELLERY. DO NOT SOAK YOUR JEWELLERY IN WATER. CLEAN YOUR JEWELLERY USING A SOFT BRUSH, DIPPED IN JEWELLERY CLEANING SOLUTION ONLY, IF NEEDED."
26/08/2026 16:06:27,MULTICOLOUR GLASS STONES NECKLACE SET WITH EARRING,Necklaces & Pendants,,BRASS METAL MADE MULTICOLOURED STONES  SINGLE LAYERED NECKLACE SET ,1200,1500,5,Yes,Brass / Copper Base,,ANTIQUE GOLD PLATED,FREE SIZE,"Bridal & Wedding, Festival & Traditional, Party Wear",https://drive.google.com/open?id=16py2AGMSGIJzBuW6Ln5XL2zDKCcL1gPS,https://drive.google.com/open?id=1-QTgdwC0vRT-9YF1RtLIVbJ69TcUx17U,"https://drive.google.com/open?id=1t4u_OL_yDZIP8skotNzbqFKxfLLWjsJV, https://drive.google.com/open?id=1lCdiad_kcXKv5tVZH5um3bpxwXCwUAnw","WIPE YOUR JEWELLERY WITH A SOFT CLOTH AFTER EVERY USE. ALWAYS STORE YOUR JEWELLERY IN A FLAT BOX TO AVOID SCRATCHES. KEEP AWAY SPRAYS & PERFUMES FROM YOUR JEWELLERY. DO NOT SOAK YOUR JEWELLERY IN WATER. CLEAN YOUR JEWELLERY USING A SOFT BRUSH, DIPPED IN JEWELLERY CLEANING SOLUTION ONLY, IF NEEDED."
26/08/2026 16:12:37,GOLD PLATED LONG PENDANT SET WITH EAR STUDDS,Necklaces & Pendants,,GOLD PLATED GLASS STONES LONG PENDANT SET WITH EAR STUDDS,850,1000,5,Yes,Gold Plated / Micron Gold,,GOLD PLATED,16 CM,"Party Wear, Daily / Office Wear",https://drive.google.com/open?id=1AzTzx_M4PJJ8W2OLZr4ZMefTmgYQFASO,https://drive.google.com/open?id=1nwWqhOHuxJmSUDHBZCdTPEMdCJ7beMaC,"https://drive.google.com/open?id=1bgz5Vr9dghXA6RwmO3CZdxCXtMTLeQkM, https://drive.google.com/open?id=1ZW_3l5PH4vXocjN13yQxlQtBuOdCOJ1n","WIPE YOUR JEWELLERY WITH A SOFT CLOTH AFTER EVERY USE. ALWAYS STORE YOUR JEWELLERY IN A FLAT BOX TO AVOID SCRATCHES. KEEP AWAY SPRAYS & PERFUMES FROM YOUR JEWELLERY. DO NOT SOAK YOUR JEWELLERY IN WATER. CLEAN YOUR JEWELLERY USING A SOFT BRUSH, DIPPED IN JEWELLERY CLEANING SOLUTION ONLY, IF NEEDED."
26/08/2026 16:24:43,LONG RAANI HAAR STYLE NECK PIECE WITH EARRINGS & MAANG TIKA,Necklaces & Pendants,,LONG DOUBLE LAYERED RAANI HAAR  CRAFTED WITH MINT GREEN STONES AND CZ STONES,2500,3000,2,Yes,Brass / Copper Base,,MINT GREEN DOUBLE LAYERED NECKLACE SET,FREE SIZE,"Bridal & Wedding, Festival & Traditional, Party Wear",https://drive.google.com/open?id=1Pgi17FqORXSfy_n8oPYfNkEjskmG6MHh,https://drive.google.com/open?id=1_16M8VRttU4A1VBQelpYJZhnFNsr34BA,"https://drive.google.com/open?id=1AhLCKi6UmkOUaFRMk2lGOQc32XBqKQjn, https://drive.google.com/open?id=1yzs9btiiWBfXD8JEUIrA9nnd-zWZG3Zt","WIPE YOUR JEWELLERY WITH A SOFT CLOTH AFTER EVERY USE. ALWAYS STORE YOUR JEWELLERY IN A FLAT BOX TO AVOID SCRATCHES. KEEP AWAY SPRAYS & PERFUMES FROM YOUR JEWELLERY. DO NOT SOAK YOUR JEWELLERY IN WATER. CLEAN YOUR JEWELLERY USING A SOFT BRUSH, DIPPED IN JEWELLERY CLEANING SOLUTION ONLY, IF NEEDED."